SNR,fixed_h,Method,Component,Comparison,meanAngle,medianAngle,sdAngle,p95Angle,p99Angle,maxAngle,nAngles
-5,3.8,G-FWCCA,1,Oracle vs noisy oracle,0.0582528624459399,1.34587263733858e-05,1.16422249790121,0.000151387663270246,0.000423998897097908,23.5155540566409,408
-5,3.8,G-FWCCA,1,Oracle vs preliminary CCA,0.0174083419718211,1.47754598871466e-05,0.350747944645734,0.000186851897071653,0.000557375651297473,7.08480461183925,408
-5,3.8,G-FWCCA,1,Oracle vs random matched,0.0801348546185423,1.60406929990596e-05,1.31400251206899,0.000150563638133384,0.000377497253005228,25.5959530473989,408
-5,3.8,G-FWCCA,2,Oracle vs noisy oracle,0.105565288990529,1.67838362312779e-05,2.10263212537428,0.000185772367744278,0.000566277652849065,42.4685322804255,408
-5,3.8,G-FWCCA,2,Oracle vs preliminary CCA,0.0761769205766636,1.74029106846406e-05,1.5373480451775,0.000336437943114756,0.00080551173235714,31.0529748504058,408
-5,3.8,G-FWCCA,2,Oracle vs random matched,0.129554345979829,2.27399538514629e-05,1.87577437336939,0.000212532307598322,0.000697147408419069,31.0529750692823,408
-5,3.8,GL-FWCCA,1,Oracle vs noisy oracle,0.411978434190185,0.00011367700337005,2.14940887911846,2.3718410548473,13.0740504820671,23.7113271210612,349
-5,3.8,GL-FWCCA,1,Oracle vs preliminary CCA,0.477037759582908,0.000123353285953804,2.30294137848696,2.69076091110078,12.8638941176084,23.7113324277554,352
-5,3.8,GL-FWCCA,1,Oracle vs random matched,0.296654799663387,0.000124795453991107,1.54343752027153,0.00237465870655295,8.59134242543577,13.0609278107035,350
-5,3.8,GL-FWCCA,2,Oracle vs noisy oracle,0.937907667295406,0.000188041586246552,5.70895908815365,1.91595790359194,25.313341890535,72.2669754443026,349
-5,3.8,GL-FWCCA,2,Oracle vs preliminary CCA,0.85340954458061,0.000197148096649104,4.69680040426488,3.71121041936432,34.1461857637789,49.2785297436702,352
-5,3.8,GL-FWCCA,2,Oracle vs random matched,0.532539057180298,0.000199653458208064,2.86351793907128,0.0041900824699614,18.2914620779071,25.2004282208598,350
-5,3.8,LG-FWCCA,1,Oracle vs noisy oracle,0.229872433368074,1.51047977284558e-05,1.42684479536642,9.15991708754678e-05,7.58967195197673,14.8370933780513,356
-5,3.8,LG-FWCCA,1,Oracle vs preliminary CCA,0.19324193731858,1.62889630059216e-05,1.36570182865573,7.64977415675919e-05,7.78953528523292,14.8370698931098,355
-5,3.8,LG-FWCCA,1,Oracle vs random matched,0.232021261661783,1.62328943192368e-05,1.41947278133641,8.51168869233792e-05,7.82498769839307,14.8371064699242,356
-5,3.8,LG-FWCCA,2,Oracle vs noisy oracle,0.479172717859287,2.65835195259998e-05,3.53597787512777,0.000202543659513628,17.4193929142378,47.6501917231189,356
-5,3.8,LG-FWCCA,2,Oracle vs preliminary CCA,0.233550270165088,2.80058578943821e-05,1.74157336950223,0.000141404837355665,9.3429934398608,18.4494043032743,355
-5,3.8,LG-FWCCA,2,Oracle vs random matched,0.445988501814746,2.72338406667464e-05,3.22620056085837,0.000186658940932359,17.2233385002325,47.6501670221532,356
-4,3.8,G-FWCCA,1,Oracle vs noisy oracle,0.0778972759477239,1.17216533307014e-05,0.856204363161951,0.000119406280519515,1.89572747547577,12.9834984823256,450
-4,3.8,G-FWCCA,1,Oracle vs preliminary CCA,0.0116783220272135,1.30460778065579e-05,0.192161431863639,0.000115748533854407,0.000317320226143972,3.82544532398758,450
-4,3.8,G-FWCCA,1,Oracle vs random matched,0.00318262385154607,1.35528095832216e-05,0.0667837038996539,0.000118197553394838,0.000389617430908422,1.41672895130371,450
-4,3.8,G-FWCCA,2,Oracle vs noisy oracle,0.15804182102637,1.48859716393021e-05,1.62389438791937,0.000146506164586338,7.01902353182233,26.8428239980143,450
-4,3.8,G-FWCCA,2,Oracle vs preliminary CCA,0.0340579223045429,1.64669302487942e-05,0.511426834425666,0.000164780525560594,0.000495280707753045,8.28824274903491,450
-4,3.8,G-FWCCA,2,Oracle vs random matched,0.0156555138873986,1.70967906522551e-05,0.330876511718036,0.00014536483587223,0.000785286593774297,7.0190049542611,450
-4,3.8,GL-FWCCA,1,Oracle vs noisy oracle,0.253028723719452,8.62584370701402e-05,1.22391510241472,1.50166388684408,7.4651528949976,10.5138486610065,422
-4,3.8,GL-FWCCA,1,Oracle vs preliminary CCA,0.148595294808182,9.01246955010371e-05,1.01291378382422,0.000390972856295999,5.41352339467502,11.7089080647948,423
-4,3.8,GL-FWCCA,1,Oracle vs random matched,0.189687415141761,9.12060456233841e-05,1.14219169648227,0.000593868382878998,6.58564822119563,11.7089457119502,423
-4,3.8,GL-FWCCA,2,Oracle vs noisy oracle,0.541054996932087,0.000122189483303786,2.88000147117296,1.41603135042713,13.9911250611132,38.5609348774084,422
-4,3.8,GL-FWCCA,2,Oracle vs preliminary CCA,0.375258411777414,0.000131436782162024,2.76718558932079,0.000699191855361358,12.7112696669683,44.3852783186488,423
-4,3.8,GL-FWCCA,2,Oracle vs random matched,0.38410834399437,0.000121356048000267,2.75204116678935,0.00108884819465628,11.9191668071281,44.3850907464729,423
-4,3.8,LG-FWCCA,1,Oracle vs noisy oracle,0.0508421656205535,7.91757107684559e-06,0.48630814638725,3.55696212349201e-05,1.92267247761202,5.83026215127986,439
-4,3.8,LG-FWCCA,1,Oracle vs preliminary CCA,0.0501113445375888,7.2445096183544e-06,0.523225840424476,3.48797030742472e-05,2.53160234304586,8.43419548473663,439
-4,3.8,LG-FWCCA,1,Oracle vs random matched,0.0461178479295938,8.18910913293408e-06,0.450504934215417,3.60709667520182e-05,2.53160350529787,5.83026135210068,439
-4,3.8,LG-FWCCA,2,Oracle vs noisy oracle,0.145417268836758,1.29199396878905e-05,1.41873135332186,8.55768265904669e-05,7.25981739032633,20.1479216486864,439
-4,3.8,LG-FWCCA,2,Oracle vs preliminary CCA,0.206894571699665,1.20136600971012e-05,2.1784944354894,7.74213884086138e-05,5.54602287540666,33.7484438765881,439
-4,3.8,LG-FWCCA,2,Oracle vs random matched,0.118586248832794,1.23132986367999e-05,1.31069579502833,8.64470309308264e-05,4.18686485120138,20.1481064166544,439
-3,3.8,G-FWCCA,1,Oracle vs noisy oracle,2.12761118859265e-05,9.41071474653614e-06,3.48318709363308e-05,8.28580973548674e-05,0.000166075665580387,0.000397987663520305,456
-3,3.8,G-FWCCA,1,Oracle vs preliminary CCA,2.85879460111959e-05,1.09834122489321e-05,6.94141824131552e-05,0.000101883338025479,0.000356550636843629,0.000963290524073962,454
-3,3.8,G-FWCCA,1,Oracle vs random matched,0.0130388681832008,1.08493446899889e-05,0.277154245955596,9.8698534589275e-05,0.000650908878673857,5.90543307427336,454
-3,3.8,G-FWCCA,2,Oracle vs noisy oracle,3.15657085685324e-05,1.2706599272262e-05,6.12772356531862e-05,0.000118829696400029,0.000269931685741086,0.000820123250233361,456
-3,3.8,G-FWCCA,2,Oracle vs preliminary CCA,4.06818358748227e-05,1.41195149490035e-05,8.95611833565799e-05,0.000151477254815364,0.000587457545283489,0.00078196904073809,454
-3,3.8,G-FWCCA,2,Oracle vs random matched,0.0426566372279736,1.68704838538043e-05,0.907907010074106,0.000159951406830379,0.000649551565389767,19.345071207186,454
-3,3.8,GL-FWCCA,1,Oracle vs noisy oracle,0.0888679455134085,5.62130689271767e-05,0.738379226789806,0.000237441741652071,3.73122878901384,11.1350105150376,471
-3,3.8,GL-FWCCA,1,Oracle vs preliminary CCA,0.0578407154671559,6.06660097392412e-05,0.541902297016005,0.000218321620640607,2.30185151316724,6.77107433872092,471
-3,3.8,GL-FWCCA,1,Oracle vs random matched,0.136196163172193,6.24948312610185e-05,0.972651442962992,0.000241059479316366,6.17031060205992,12.6246857763722,471
-3,3.8,GL-FWCCA,2,Oracle vs noisy oracle,0.14024064847915,7.42243134034784e-05,1.07123444354577,0.000377444739943727,8.68269738206319,10.3330106760343,471
-3,3.8,GL-FWCCA,2,Oracle vs preliminary CCA,0.127612741476826,7.98814641159162e-05,1.21461004510841,0.000337232891332818,7.63553039084247,17.8209378862809,471
-3,3.8,GL-FWCCA,2,Oracle vs random matched,0.366836848996829,7.926312405547e-05,3.29973708819156,0.000420210517800125,10.2469841936341,61.3246227313649,471
-3,3.8,LG-FWCCA,1,Oracle vs noisy oracle,0.075539628215428,4.09455456646704e-06,0.63161182643585,1.63358539814423e-05,3.84506451174883,7.76467154094141,476
-3,3.8,LG-FWCCA,1,Oracle vs preliminary CCA,0.0778863208041741,3.91248236030638e-06,0.654861602719611,1.98141695421684e-05,3.40505470708268,8.44639532455863,478
-3,3.8,LG-FWCCA,1,Oracle vs random matched,0.133118517373483,4.31113835684306e-06,1.00504959661997,2.12768708796917e-05,5.52668880614849,12.1864104898944,476
-3,3.8,LG-FWCCA,2,Oracle vs noisy oracle,0.137296560136995,5.53308561649078e-06,1.26280636269392,3.25521356495559e-05,6.95868945780396,18.8710772833889,476
-3,3.8,LG-FWCCA,2,Oracle vs preliminary CCA,0.176525871173629,5.33181471192651e-06,1.46562384782422,4.07973530741667e-05,8.36747891364385,17.9580919336371,478
-3,3.8,LG-FWCCA,2,Oracle vs random matched,0.170636389185439,5.79023247843759e-06,1.3875759427398,4.01466880852488e-05,7.98943299009049,17.9580935086614,476
-2,3.4,G-FWCCA,1,Oracle vs noisy oracle,1.97241156862989e-05,9.31357091802148e-06,3.16106095055882e-05,6.91281870571523e-05,0.000186607058464857,0.000253356520345177,471
-2,3.4,G-FWCCA,1,Oracle vs preliminary CCA,0.0125522050669288,1.05948289322457e-05,0.272190684896337,9.57700855615382e-05,0.000249147567547353,5.91351887029073,472
-2,3.4,G-FWCCA,1,Oracle vs random matched,2.21344392934033e-05,1.0209647877465e-05,3.43883152349645e-05,7.9985878688122e-05,0.000187860918684881,0.000289060069428029,471
-2,3.4,G-FWCCA,2,Oracle vs noisy oracle,3.14187417989763e-05,1.45392412910642e-05,5.08646516700811e-05,0.00012844567664226,0.000288373019658306,0.00036351010959675,471
-2,3.4,G-FWCCA,2,Oracle vs preliminary CCA,0.0379465971777679,1.5462480409537e-05,0.823599819877569,0.000169924089726053,0.000332288230145964,17.8932054050367,472
-2,3.4,G-FWCCA,2,Oracle vs random matched,3.52001283265123e-05,1.55330500649476e-05,5.19439920417886e-05,0.000156649386667025,0.000243693442792868,0.000338095441911431,471
-2,3.4,GL-FWCCA,1,Oracle vs noisy oracle,0.0424733659023901,2.96801480686038e-05,0.503568101274718,6.88159049348885e-05,0.435279820894232,8.38842941398078,492
-2,3.4,GL-FWCCA,1,Oracle vs preliminary CCA,0.0349153907854014,3.20591538542584e-05,0.4662322121199,7.3006229216684e-05,0.000125290713809748,8.38842735537492,492
-2,3.4,GL-FWCCA,1,Oracle vs random matched,0.0317722447647807,3.22066234142147e-05,0.389797907124375,7.84547647784824e-05,0.000133345462001629,6.01863323760378,492
-2,3.4,GL-FWCCA,2,Oracle vs noisy oracle,0.0622719543061458,3.45803998161059e-05,0.771108019966036,8.51195610078088e-05,0.439087216503033,12.3171646674168,492
-2,3.4,GL-FWCCA,2,Oracle vs preliminary CCA,0.0267700596695255,3.68855744424406e-05,0.345527187181367,9.56233948997012e-05,0.000284812770036481,5.49704375496308,492
-2,3.4,GL-FWCCA,2,Oracle vs random matched,0.0543132099698724,3.69448205617277e-05,0.687777440633768,9.48894708515551e-05,0.000284614283352579,12.3171646715596,492
-2,3.4,LG-FWCCA,1,Oracle vs noisy oracle,0.00660597098647224,8.53773646251594e-07,0.103741254348477,2.56132093875478e-06,4.82702904949567e-06,1.7374914078548,492
-2,3.4,LG-FWCCA,1,Oracle vs preliminary CCA,0.00470574227883979,8.53773646251594e-07,0.0824908690995216,2.56132093875478e-06,1.07261679476127e-05,1.73749145873751,492
-2,3.4,LG-FWCCA,1,Oracle vs random matched,0.011773270426515,8.53773646251594e-07,0.154367520858509,2.41483653945147e-06,2.06917249785349e-05,2.54217696381326,492
-2,3.4,LG-FWCCA,2,Oracle vs noisy oracle,0.0128554076942757,8.53773646251594e-07,0.223554273244506,4.24243674470221e-06,1.06160386170789e-05,4.682254589029,492
-2,3.4,LG-FWCCA,2,Oracle vs preliminary CCA,0.0182476448396102,8.53773646251594e-07,0.286143385239918,4.41096615820234e-06,4.15528754499265e-05,4.68225460986329,492
-2,3.4,LG-FWCCA,2,Oracle vs random matched,0.0180796507459944,1.20741826972573e-06,0.251524565043852,4.16481295704341e-06,9.46984794128325e-05,4.68225452609596,492
-1,3.4,G-FWCCA,1,Oracle vs noisy oracle,1.5345934214982e-05,8.40869523685293e-06,2.28280914714865e-05,5.56961260673174e-05,0.000113910376122735,0.000225751701343642,477
-1,3.4,G-FWCCA,1,Oracle vs preliminary CCA,2.00902086617891e-05,8.70681696485629e-06,3.65717328867569e-05,7.18073468409324e-05,0.000205949756049434,0.000396353323416648,477
-1,3.4,G-FWCCA,1,Oracle vs random matched,2.60538428983385e-05,9.97489522090762e-06,0.000102082780060603,7.51047394416131e-05,0.000238633973765447,0.00163608583912639,476
-1,3.4,G-FWCCA,2,Oracle vs noisy oracle,2.9842316518626e-05,1.26346961636753e-05,6.05936336984169e-05,0.000118429738817448,0.000329073773795211,0.00057272113669276,477
-1,3.4,G-FWCCA,2,Oracle vs preliminary CCA,3.53941900574441e-05,1.30322891041775e-05,7.14112219903139e-05,0.00015163929952937,0.000448865086205759,0.000596456681653062,477
-1,3.4,G-FWCCA,2,Oracle vs random matched,4.07407581218809e-05,1.55330500649476e-05,0.000107679920160172,0.000170667108635151,0.000400288880850197,0.00183679275666831,476
-1,3.4,GL-FWCCA,1,Oracle vs noisy oracle,0.00599247064473271,1.99498239017899e-05,0.130763418367681,5.01314481764565e-05,6.96644018594108e-05,2.90906436980075,495
-1,3.4,GL-FWCCA,1,Oracle vs preliminary CCA,0.00568232477191563,2.45673273988024e-05,0.100743321297637,5.64614128358822e-05,9.74505268811236e-05,2.1454367404612,495
-1,3.4,GL-FWCCA,1,Oracle vs random matched,0.00568136598854642,2.35987730914509e-05,0.100743248035788,5.52599738031083e-05,0.000116197551135056,2.14543446640235,495
-1,3.4,GL-FWCCA,2,Oracle vs noisy oracle,0.0116527940101652,2.32094561643728e-05,0.233095063667563,5.86363122811026e-05,0.00011365095414492,5.15218930967208,495
-1,3.4,GL-FWCCA,2,Oracle vs preliminary CCA,0.0151576873602528,2.859823124943e-05,0.279466483957129,7.31500236500576e-05,0.000140872058767749,6.05315093112962,495
-1,3.4,GL-FWCCA,2,Oracle vs random matched,0.0151562604077921,2.72138257152186e-05,0.279466603483593,7.12828672330718e-05,0.000139641443029527,6.05315231565586,495
-1,3.4,LG-FWCCA,1,Oracle vs noisy oracle,0.00581337354373285,0,0.1293238170275,2.09130978915187e-06,3.14955951247376e-06,2.87727398871153,495
-1,3.4,LG-FWCCA,1,Oracle vs preliminary CCA,0.00375381933594628,8.53773646251594e-07,0.0835005797076106,2.09130978915187e-06,3.43207827120791e-06,1.85777136597818,495
-1,3.4,LG-FWCCA,1,Oracle vs random matched,0.00425473685396946,0,0.0842186832126349,2.25887274392255e-06,5.43663269572098e-06,1.85777139672401,495
-1,3.4,LG-FWCCA,2,Oracle vs noisy oracle,0.00559487719675295,8.53773646251594e-07,0.12445944626629,2.25887274392255e-06,4.76066007614607e-06,2.76904871229903,495
-1,3.4,LG-FWCCA,2,Oracle vs preliminary CCA,0.00127371464545571,8.53773646251594e-07,0.0283197355224146,2.25887274392255e-06,4.98509644294773e-06,0.630075176027094,495
-1,3.4,LG-FWCCA,2,Oracle vs random matched,0.00378701578691487,8.53773646251594e-07,0.0626270950962612,2.37584559056924e-06,7.78845150862395e-06,1.24404498077259,495
0,3.4,G-FWCCA,1,Oracle vs noisy oracle,1.14538611258794e-05,5.66329368102032e-06,2.11019332729818e-05,3.77853832579401e-05,9.03006258233779e-05,0.000323355990502968,486
0,3.4,G-FWCCA,1,Oracle vs preliminary CCA,1.42320708073001e-05,7.68396281626435e-06,2.97959523080421e-05,4.65598306540414e-05,0.000101081091831039,0.000543409320247101,485
0,3.4,G-FWCCA,1,Oracle vs random matched,1.89247813802158e-05,7.75474864169954e-06,5.6046525222444e-05,5.8736014621881e-05,0.000185595083727886,0.000876525789804305,484
0,3.4,G-FWCCA,2,Oracle vs noisy oracle,2.06607087984754e-05,9.11572034946353e-06,5.02499249051149e-05,6.96125997741059e-05,0.000176372666842167,0.000712975120818055,486
0,3.4,G-FWCCA,2,Oracle vs preliminary CCA,2.66377849398659e-05,1.13265873620406e-05,5.68429255624271e-05,9.54077505745864e-05,0.000262547336294171,0.000656657398187646,485
0,3.4,G-FWCCA,2,Oracle vs random matched,3.09781465435874e-05,1.12458434583253e-05,6.69125807821058e-05,0.00011698520965917,0.0003451119323972,0.000684174269526078,484
0,3.4,GL-FWCCA,1,Oracle vs noisy oracle,0.00708177541662738,1.8141431608885e-05,0.137087018172198,3.80805783105915e-05,5.48186485561773e-05,3.01952030288157,498
0,3.4,GL-FWCCA,1,Oracle vs preliminary CCA,0.00850150114619711,1.71709881755845e-05,0.140631097809443,3.80384592947025e-05,5.8302015979456e-05,3.01952438618723,498
0,3.4,GL-FWCCA,1,Oracle vs random matched,0.00850206118793057,1.76938560588944e-05,0.140630875132815,3.91634598401703e-05,7.00380040462099e-05,3.01952198612867,498
0,3.4,GL-FWCCA,2,Oracle vs noisy oracle,0.0108425769950471,2.01768768036325e-05,0.170902478491371,4.08884353376318e-05,6.96197893112627e-05,2.86081687567439,498
0,3.4,GL-FWCCA,2,Oracle vs preliminary CCA,0.0148258520400107,1.89568416093922e-05,0.192416068383137,4.55134122495544e-05,7.14432605012699e-05,2.86081693738068,498
0,3.4,GL-FWCCA,2,Oracle vs random matched,0.014826729858902,2.03835350570436e-05,0.192415980884123,4.56269886686846e-05,8.7806745865907e-05,2.86081639479445,498
0,3.4,LG-FWCCA,1,Oracle vs noisy oracle,0.00219054281594193,0,0.0487736732412525,1.70754729250319e-06,2.25887274392255e-06,1.08624181900182,496
0,3.4,LG-FWCCA,1,Oracle vs preliminary CCA,5.35437691269057e-07,0,7.24978667489405e-07,1.90909591041642e-06,2.25887274392255e-06,2.83164684051016e-06,496
0,3.4,LG-FWCCA,1,Oracle vs random matched,5.9346361853892e-07,0,7.11059993999759e-07,1.90909591041642e-06,2.25887274392255e-06,2.83164684051016e-06,496
0,3.4,LG-FWCCA,2,Oracle vs noisy oracle,0.00417226624649097,0,0.0929068862812687,1.90909591041642e-06,2.41483653945147e-06,2.06913522583486,496
0,3.4,LG-FWCCA,2,Oracle vs preliminary CCA,6.74983360405772e-07,0,7.73206128622662e-07,1.90909591041642e-06,2.34309319350817e-06,4.00455336570039e-06,496
0,3.4,LG-FWCCA,2,Oracle vs random matched,6.38216199494874e-07,0,7.72113979183928e-07,1.90909591041642e-06,2.34309319350817e-06,4.82967307890293e-06,496
1,3.4,G-FWCCA,1,Oracle vs noisy oracle,8.54880596193975e-06,4.31113835684306e-06,1.66421789045158e-05,2.55302447193218e-05,5.90441109671045e-05,0.000196849914856654,484
1,3.4,G-FWCCA,1,Oracle vs preliminary CCA,1.13038494730559e-05,5.19330234477528e-06,2.08585671178278e-05,3.96276562078418e-05,0.000143032329042476,0.000198470697978275,484
1,3.4,G-FWCCA,1,Oracle vs random matched,0.0183460591056704,5.94513428712729e-06,0.40335157348403,3.66815004545605e-05,0.000171923475269329,8.87374649970305,484
1,3.4,G-FWCCA,2,Oracle vs noisy oracle,1.88171395205285e-05,7.3938966673555e-06,4.98922534259661e-05,6.56349789717934e-05,0.000178785416261709,0.000644201494948545,484
1,3.4,G-FWCCA,2,Oracle vs preliminary CCA,2.37873068558998e-05,9.11580803055038e-06,5.17201884686293e-05,9.20942423518052e-05,0.000186917968521296,0.000649508546887833,484
1,3.4,G-FWCCA,2,Oracle vs random matched,0.0654060764476447,1.07317145874467e-05,1.43839251112331,8.07158823110513e-05,0.0003082872807739,31.6446598228062,484
1,3.4,GL-FWCCA,1,Oracle vs noisy oracle,1.22766986476436e-05,1.02452837550191e-05,7.74849328001801e-06,2.76004531720265e-05,3.82600785912937e-05,6.28901513450038e-05,497
1,3.4,GL-FWCCA,1,Oracle vs preliminary CCA,0.0033561711760737,1.3740186487444e-05,0.0682707573771361,2.96122997355896e-05,4.65219663438584e-05,1.51536854555018,497
1,3.4,GL-FWCCA,1,Oracle vs random matched,0.00291040667974984,1.40029289471909e-05,0.0645363761629981,3.17849683284294e-05,4.58783682122089e-05,1.4387570383868,497
1,3.4,GL-FWCCA,2,Oracle vs noisy oracle,1.41172028104858e-05,1.14545754624986e-05,1.03550775689129e-05,3.17966213918999e-05,5.29565834808253e-05,8.38829891872838e-05,497
1,3.4,GL-FWCCA,2,Oracle vs preliminary CCA,0.017119670988889,1.48370040974649e-05,0.290628198778084,3.46819819330373e-05,5.65952017596995e-05,5.96973376220241,497
1,3.4,GL-FWCCA,2,Oracle vs random matched,0.000119872701514782,1.52249650775537e-05,0.00228241454188052,3.55106948997047e-05,6.07526155999983e-05,0.050899977771509,497
1,3.4,LG-FWCCA,1,Oracle vs noisy oracle,5.85355404634972e-07,0,7.26543169743312e-07,1.90909591041642e-06,2.17844252563262e-06,2.69986932838192e-06,498
1,3.4,LG-FWCCA,1,Oracle vs preliminary CCA,0.0022732419637369,0,0.0507158752286156,1.90909591041642e-06,2.25887274392255e-06,1.1317716991182,498
1,3.4,LG-FWCCA,1,Oracle vs random matched,6.0222536735155e-07,0,7.09499997822382e-07,1.90909591041642e-06,2.09130978915187e-06,2.9575586669422e-06,498
1,3.4,LG-FWCCA,2,Oracle vs noisy oracle,5.43868976578377e-07,0,7.14334470343246e-07,1.90909591041642e-06,2.25887274392255e-06,2.69986932838192e-06,498
1,3.4,LG-FWCCA,2,Oracle vs preliminary CCA,0.00870868455901137,0,0.194329394242956,1.90909591041642e-06,2.25887274392255e-06,4.33663854887651,498
1,3.4,LG-FWCCA,2,Oracle vs random matched,5.96390648262491e-07,0,7.84854981571573e-07,1.82847646325112e-06,2.33997391759758e-06,7.29464523122703e-06,498
2,3.4,G-FWCCA,1,Oracle vs noisy oracle,7.49692100002527e-06,3.52019892386405e-06,1.56127952036162e-05,2.49097890305968e-05,8.16697295377951e-05,0.000229369750103039,493
2,3.4,G-FWCCA,1,Oracle vs preliminary CCA,9.33943195029224e-06,4.39487324142072e-06,1.43293951726723e-05,3.39534197625088e-05,7.88161722165838e-05,0.000105429810849819,492
2,3.4,G-FWCCA,1,Oracle vs random matched,8.95422143427467e-06,4.67631085055434e-06,1.38324084696294e-05,2.93667106503512e-05,8.02940635236599e-05,0.000161225381984228,492
2,3.4,G-FWCCA,2,Oracle vs noisy oracle,1.62459195241303e-05,6.33175482365322e-06,4.4572932343442e-05,4.97502665324108e-05,0.000231734123096001,0.000740947644593098,493
2,3.4,G-FWCCA,2,Oracle vs preliminary CCA,2.13433518573295e-05,7.2445096183544e-06,4.41285683992973e-05,8.28014427893968e-05,0.000237041244144481,0.000462232295133795,492
2,3.4,G-FWCCA,2,Oracle vs random matched,1.84769747734827e-05,7.96347042412638e-06,3.47435708037845e-05,6.7778969692294e-05,0.000186707474008065,0.00046807045187125,492
2,3.4,GL-FWCCA,1,Oracle vs noisy oracle,0.0229682398332674,1.03866046895506e-05,0.471899241414038,2.42252113975119e-05,4.07019221613907e-05,10.4999678424787,499
2,3.4,GL-FWCCA,1,Oracle vs preliminary CCA,0.0375676673345192,1.08667644275316e-05,0.559805439591895,2.41874072494152e-05,5.00534318435982e-05,10.4999677573052,499
2,3.4,GL-FWCCA,1,Oracle vs random matched,0.00731839493581048,1.10001039485816e-05,0.0900909899658874,2.61538583810992e-05,4.3575881000098e-05,1.44162533596588,499
2,3.4,GL-FWCCA,2,Oracle vs noisy oracle,0.0174505063793352,1.12943637196128e-05,0.283246630080414,2.98963554676914e-05,4.63685540087487e-05,5.41096431754706,499
2,3.4,GL-FWCCA,2,Oracle vs preliminary CCA,0.0495652882403773,1.15496358099801e-05,0.730292475860342,3.0234917986073e-05,6.62675382771188e-05,15.4027451160289,499
2,3.4,GL-FWCCA,2,Oracle vs random matched,0.0445059112906693,1.17374470809192e-05,0.57280060686893,3.24680416146262e-05,7.56473709908024e-05,10.7953615550205,499
2,3.4,LG-FWCCA,1,Oracle vs noisy oracle,5.87249026598521e-07,0,7.18545708141299e-07,1.90909591041642e-06,2.41483653945147e-06,2.69986932838192e-06,500
2,3.4,LG-FWCCA,1,Oracle vs preliminary CCA,0.000488512083635357,0,0.0109107551888285,1.70754729250319e-06,2.25887274392255e-06,0.243972470676253,500
2,3.4,LG-FWCCA,1,Oracle vs random matched,0.011782015040066,0,0.252744704330927,1.90909591041642e-06,2.25887274392255e-06,5.64676440699617,500
2,3.4,LG-FWCCA,2,Oracle vs noisy oracle,5.79137332233892e-07,0,7.06749048178924e-07,1.90909591041642e-06,2.25887274392255e-06,2.69986932838192e-06,500
2,3.4,LG-FWCCA,2,Oracle vs preliminary CCA,0.00296016242552946,0,0.0661782391267508,1.70754729250319e-06,2.09130978915187e-06,1.47979099470945,500
2,3.4,LG-FWCCA,2,Oracle vs random matched,0.00403291883247473,0,0.0703463505761287,1.90909591041642e-06,2.33685464168701e-06,1.47979113701391,500
3,3.4,G-FWCCA,1,Oracle vs noisy oracle,5.30599161320919e-06,2.69986932838192e-06,1.28447781105368e-05,1.67845303615159e-05,4.07480340505351e-05,0.000248861471362526,497
3,3.4,G-FWCCA,1,Oracle vs preliminary CCA,6.95540069638813e-06,3.07832465919998e-06,1.5802165762621e-05,2.27149584531469e-05,5.60714582679657e-05,0.000260745043496964,497
3,3.4,G-FWCCA,1,Oracle vs random matched,6.86633494493246e-06,3.52019892386405e-06,1.39841012425744e-05,2.06454794684532e-05,4.75757111857943e-05,0.000251217001618528,497
3,3.4,G-FWCCA,2,Oracle vs noisy oracle,1.26461700884411e-05,4.5177454878451e-06,5.89019892387246e-05,3.48296418185689e-05,0.000122040418253935,0.0012465425629846,497
3,3.4,G-FWCCA,2,Oracle vs preliminary CCA,1.68812136064785e-05,4.90455619685548e-06,6.63284389777921e-05,5.19522994374814e-05,0.000192760086082037,0.00130603259104534,497
3,3.4,G-FWCCA,2,Oracle vs random matched,1.62852049294733e-05,6.27392936745562e-06,6.08290586327569e-05,5.1387561638528e-05,0.000136879370891508,0.0012583131960226,497
3,3.4,GL-FWCCA,1,Oracle vs noisy oracle,9.17480341651248e-06,8.3652391566075e-06,4.454663068587e-06,1.74162464379632e-05,2.43784896901061e-05,3.46699386351732e-05,499
3,3.4,GL-FWCCA,1,Oracle vs preliminary CCA,0.0078692671328695,7.87140408808163e-06,0.175585532580184,1.95801562301702e-05,2.36322228020367e-05,3.92229266761085,499
3,3.4,GL-FWCCA,1,Oracle vs random matched,0.0078693321438143,7.63638364166569e-06,0.17558552784847,1.93375490231909e-05,2.69430832216606e-05,3.92229262702308,499
3,3.4,GL-FWCCA,2,Oracle vs noisy oracle,9.99075014023496e-06,8.79013768592829e-06,5.43755979401549e-06,2.09452263932681e-05,2.85719863866441e-05,4.49266693255191e-05,499
3,3.4,GL-FWCCA,2,Oracle vs preliminary CCA,0.0137806775569087,8.3652391566075e-06,0.307622583207645,2.06825644712726e-05,2.95087907320786e-05,6.87177758005293,499
3,3.4,GL-FWCCA,2,Oracle vs random matched,0.013780781900823,8.32155614703197e-06,0.307622583125355,2.10245657853868e-05,3.08869102915167e-05,6.87177768233952,499
3,3.4,LG-FWCCA,1,Oracle vs noisy oracle,6.05554657750117e-07,0,7.31900670513297e-07,1.90909591041642e-06,2.09130978915187e-06,2.56132093875478e-06,499
3,3.4,LG-FWCCA,1,Oracle vs preliminary CCA,5.61105811284503e-07,0,6.98646476884681e-07,1.90909591041642e-06,2.25887274392255e-06,2.41483653945147e-06,499
3,3.4,LG-FWCCA,1,Oracle vs random matched,5.47035286574021e-07,0,6.9830472201745e-07,1.70754729250319e-06,2.25887274392255e-06,2.56132093875478e-06,499
3,3.4,LG-FWCCA,2,Oracle vs noisy oracle,5.93048230701152e-07,0,7.2614014641639e-07,1.90909591041642e-06,2.3384142796423e-06,2.56132093875478e-06,499
3,3.4,LG-FWCCA,2,Oracle vs preliminary CCA,5.7287469574181e-07,0,7.16094248400266e-07,1.90909591041642e-06,2.17676689608492e-06,2.56132093875478e-06,499
3,3.4,LG-FWCCA,2,Oracle vs random matched,5.4171159005809e-07,0,6.97222140319797e-07,1.90909591041642e-06,2.25887274392255e-06,2.69986932838192e-06,499
4,3.4,G-FWCCA,1,Oracle vs noisy oracle,3.82476385062264e-06,2.09130978915187e-06,6.15759475572693e-06,1.32058728941395e-05,3.65501024387708e-05,5.45814493883327e-05,495
4,3.4,G-FWCCA,1,Oracle vs preliminary CCA,5.50393860293245e-06,2.83164684051016e-06,9.58657343651971e-06,1.9274385739631e-05,4.24356233203376e-05,0.000134844891845057,496
4,3.4,G-FWCCA,1,Oracle vs random matched,5.53866779504564e-06,2.9575586669422e-06,1.00011368545167e-05,1.75278484855327e-05,3.94847193616638e-05,0.000155756956794668,495
4,3.4,G-FWCCA,2,Oracle vs noisy oracle,8.53836500324479e-06,4.09455456646704e-06,1.64628095391202e-05,2.91722845717328e-05,8.36377911683478e-05,0.000169615409381945,495
4,3.4,G-FWCCA,2,Oracle vs preliminary CCA,1.26076730256129e-05,5.29741446612286e-06,2.50099043316732e-05,4.99299638650459e-05,0.00012937836554665,0.000325059109539015,496
4,3.4,G-FWCCA,2,Oracle vs random matched,1.32566311910544e-05,5.85317722562592e-06,2.76326334493818e-05,4.44097446187987e-05,0.000131529540619911,0.000280708518502209,495
4,3.4,GL-FWCCA,1,Oracle vs noisy oracle,0.0102416951112507,3.6222548091772e-06,0.228684239295556,1.07690082683937e-05,2.04671732212628e-05,5.1084233321906,499
4,3.4,GL-FWCCA,1,Oracle vs preliminary CCA,0.01024413785978,6.03709134862867e-06,0.228684120165055,1.4209625421254e-05,1.98251252492548e-05,5.1084231189115,499
4,3.4,GL-FWCCA,1,Oracle vs random matched,0.0102444524767751,6.44584967439695e-06,0.228684094901814,1.39869185344136e-05,2.08035373226808e-05,5.10842287033381,499
4,3.4,GL-FWCCA,2,Oracle vs noisy oracle,0.0163581734754243,3.81819182083285e-06,0.36530283538725,1.30957222195469e-05,2.76083049162443e-05,8.16025218704537,499
4,3.4,GL-FWCCA,2,Oracle vs preliminary CCA,0.0163605984519435,6.21556596528332e-06,0.365302842532443,1.57600569419974e-05,2.48428685857071e-05,8.16025477130794,499
4,3.4,GL-FWCCA,2,Oracle vs random matched,0.0163609647311681,6.72262041320883e-06,0.365302891767241,1.70444922114493e-05,2.46270269663e-05,8.16025623517432,499
4,3.4,LG-FWCCA,1,Oracle vs noisy oracle,6.19664793295357e-07,0,7.22765998513588e-07,1.90909591041642e-06,2.17509126653721e-06,2.56132093875478e-06,500
4,3.4,LG-FWCCA,1,Oracle vs preliminary CCA,6.15930139162893e-07,0,7.47764418462934e-07,1.90909591041642e-06,2.25887274392255e-06,2.56132093875478e-06,500
4,3.4,LG-FWCCA,1,Oracle vs random matched,5.93976740753861e-07,0,7.31190199280253e-07,1.90909591041642e-06,2.25887274392255e-06,2.56132093875478e-06,500
4,3.4,LG-FWCCA,2,Oracle vs noisy oracle,5.62769153859533e-07,0,7.04493361459492e-07,1.90909591041642e-06,2.09130978915187e-06,2.41483653945147e-06,500
4,3.4,LG-FWCCA,2,Oracle vs preliminary CCA,5.73376750733046e-07,0,7.08353253682948e-07,1.90909591041642e-06,2.41483653945147e-06,2.56132093875478e-06,500
4,3.4,LG-FWCCA,2,Oracle vs random matched,5.79558828043672e-07,0,6.85411733207079e-07,1.70754729250319e-06,2.09130978915187e-06,2.41483653945147e-06,500
5,3.4,G-FWCCA,1,Oracle vs noisy oracle,2.73303422026853e-06,1.70754729250319e-06,3.85651782794205e-06,9.55685785382005e-06,1.99032345854374e-05,3.52950479714748e-05,497
5,3.4,G-FWCCA,1,Oracle vs preliminary CCA,4.15972820904932e-06,2.25887274392255e-06,8.15126388127251e-06,1.2876843594152e-05,4.42077439478762e-05,0.00012258120351933,497
5,3.4,G-FWCCA,1,Oracle vs random matched,4.22482490127109e-06,2.25887274392255e-06,6.85789601042452e-06,1.46599250647561e-05,3.75551336193311e-05,7.47137312956674e-05,497
5,3.4,G-FWCCA,2,Oracle vs noisy oracle,5.99523237197237e-06,2.56132093875478e-06,1.02792526525071e-05,2.61987962444459e-05,5.8868910163901e-05,7.1610185054942e-05,497
5,3.4,G-FWCCA,2,Oracle vs preliminary CCA,1.02190561890614e-05,3.52019892386405e-06,2.54554800281716e-05,4.04965657993309e-05,0.000121222296691745,0.000302218987772141,497
5,3.4,G-FWCCA,2,Oracle vs random matched,1.0673936925481e-05,3.72151304466894e-06,3.40000410736651e-05,4.19371033128774e-05,9.68501652931391e-05,0.000605719760391639,497
5,3.4,GL-FWCCA,1,Oracle vs noisy oracle,2.4021080208344e-06,1.70754729250319e-06,2.88768711016837e-06,8.66485615694084e-06,1.4160855270626e-05,1.81514767014492e-05,499
5,3.4,GL-FWCCA,1,Oracle vs preliminary CCA,3.84916888617375e-06,2.9575586669422e-06,2.95864904911107e-06,9.62881831207171e-06,1.66776052024741e-05,2.1699963539504e-05,499
5,3.4,GL-FWCCA,1,Oracle vs random matched,4.18564937343369e-06,3.30665111336321e-06,3.20565316283681e-06,1.00495197958499e-05,1.52877188987228e-05,2.95262528791646e-05,499
5,3.4,GL-FWCCA,2,Oracle vs noisy oracle,2.6418480548828e-06,1.70754729250319e-06,3.13186749633461e-06,9.29592407369302e-06,1.57687714921915e-05,2.62179415860367e-05,499
5,3.4,GL-FWCCA,2,Oracle vs preliminary CCA,4.16699660098021e-06,3.30665111336321e-06,3.45923359268344e-06,1.06608183168547e-05,1.62794750080803e-05,3.44061245854693e-05,499
5,3.4,GL-FWCCA,2,Oracle vs random matched,4.59181172273358e-06,3.52019892386405e-06,3.95954645056026e-06,1.17377660796917e-05,1.75422150553647e-05,4.70118501991831e-05,499
5,3.4,LG-FWCCA,1,Oracle vs noisy oracle,5.81228319359847e-07,0,7.15311714924634e-07,1.90909591041642e-06,2.17509126653721e-06,2.25887274392255e-06,500
5,3.4,LG-FWCCA,1,Oracle vs preliminary CCA,5.54258859932245e-07,0,7.00876864540425e-07,1.70754729250319e-06,2.25887274392255e-06,2.83164684051016e-06,500
5,3.4,LG-FWCCA,1,Oracle vs random matched,5.87859647956946e-07,0,7.0986104749642e-07,1.90909591041642e-06,2.25887274392255e-06,2.41483653945147e-06,500
5,3.4,LG-FWCCA,2,Oracle vs noisy oracle,5.64615358853932e-07,0,6.79770676520886e-07,1.70754729250319e-06,2.09130978915187e-06,2.25887274392255e-06,500
5,3.4,LG-FWCCA,2,Oracle vs preliminary CCA,5.60904986224827e-07,0,7.08047577505829e-07,1.90909591041642e-06,2.41483653945147e-06,2.41483653945147e-06,500
5,3.4,LG-FWCCA,2,Oracle vs random matched,5.57941104595836e-07,0,7.02116729198502e-07,1.90909591041642e-06,2.25887274392255e-06,2.41483653945147e-06,500
